{
	"info": {
		"_postman_id": "78e359dc-4128-4fe0-a2a2-921cbc4dc27d",
		"name": "Bid",
		"schema": "https://schema.getpostman.com/json/collection/v2.1.0/collection.json",
		"_exporter_id": "20802478"
	},
	"item": [
		{
			"name": "CreateBid",
			"request": {
				"method": "POST",
				"header": [],
				"body": {
					"mode": "raw",
					"raw": "{\"productId\":\"85ead475-1d34-44bc-908d-0cca2c14d171\",\"bidAmount\":\"8000\",\r\n\"firstName\":\"TestBuyerF3\",\"lastName\":\"TestBuyeL3\",\"email\":\"newBuye3@gmail.com\",\"phone\":\"7234567890\",\r\n\"address\":\"rambagh\",\"city\":\"Allahabad\",\"state\":\"UP\",\"pin\":\"883545\"\r\n}",
					"options": {
						"raw": {
							"language": "json"
						}
					}
				},
				"url": {
					"raw": "http://localhost:5000/e-auction/api/v1/buyer/place-bid",
					"protocol": "http",
					"host": [
						"localhost"
					],
					"port": "5000",
					"path": [
						"e-auction",
						"api",
						"v1",
						"buyer",
						"place-bid"
					]
				}
			},
			"response": []
		},
		{
			"name": "CreateBid cloud",
			"request": {
				"method": "POST",
				"header": [],
				"body": {
					"mode": "raw",
					"raw": "{\"productId\":\"85ead475-1d34-44bc-908d-0cca2c14d171\",\"bidAmount\":\"8000\",\r\n\"firstName\":\"TestBuyerF3\",\"lastName\":\"TestBuyeL3\",\"email\":\"newBuye3@gmail.com\",\"phone\":\"7234567890\",\r\n\"address\":\"rambagh\",\"city\":\"Allahabad\",\"state\":\"UP\",\"pin\":\"883545\"\r\n}",
					"options": {
						"raw": {
							"language": "json"
						}
					}
				},
				"url": {
					"raw": "http://localhost:5000/e-auction/api/v1/buyer/place-bid",
					"protocol": "http",
					"host": [
						"localhost"
					],
					"port": "5000",
					"path": [
						"e-auction",
						"api",
						"v1",
						"buyer",
						"place-bid"
					]
				}
			},
			"response": []
		},
		{
			"name": "UpdateBid",
			"request": {
				"method": "PATCH",
				"header": [],
				"url": {
					"raw": "http://localhost:5000/e-auction/api/v1/buyer/update-bid/46669694-e31e-4b6a-9ac8-05183da8eac5/newBuyedelete3@gmail.com/7000",
					"protocol": "http",
					"host": [
						"localhost"
					],
					"port": "5000",
					"path": [
						"e-auction",
						"api",
						"v1",
						"buyer",
						"update-bid",
						"46669694-e31e-4b6a-9ac8-05183da8eac5",
						"newBuyedelete3@gmail.com",
						"7000"
					]
				}
			},
			"response": []
		},
		{
			"name": "UpdateBid Cloud",
			"request": {
				"method": "PATCH",
				"header": [],
				"url": {
					"raw": "http://localhost:5000/e-auction/api/v1/buyer/update-bid/46669694-e31e-4b6a-9ac8-05183da8eac5/newBuyedelete3@gmail.com/7000",
					"protocol": "http",
					"host": [
						"localhost"
					],
					"port": "5000",
					"path": [
						"e-auction",
						"api",
						"v1",
						"buyer",
						"update-bid",
						"46669694-e31e-4b6a-9ac8-05183da8eac5",
						"newBuyedelete3@gmail.com",
						"7000"
					]
				}
			},
			"response": []
		}
	]
}